{
  "pattern_weights": {
    "1_part": 0.4139555555555556,
    "3_part": 0.8269055555555556,
    "2_part": 0.7325513513513514,
    "4_part": 0.745639705882353,
    "5_part": 0.9550980392156863,
    "7_part": 1.3811,
    "6_part": 0.382,
    "8_part": 0.9601666666666666,
    "9_part": 0.831
  },
  "vocabulary_emphasis": [
    "https",
    "this",
    "market",
    "your",
    "crypto",
    "just",
    "that",
    "with",
    "have",
    "alts",
    "there",
    "time",
    "what",
    "most",
    "pump",
    "will",
    "people",
    "like",
    "when",
    "still",
    "think",
    "only",
    "make",
    "trade",
    "from",
    "been",
    "good",
    "need",
    "every",
    "than",
    "altcoin",
    "right",
    "money",
    "more",
    "ever",
    "altcoins",
    "about",
    "many",
    "down",
    "best",
    "watch",
    "video",
    "biggest",
    "feel",
    "they",
    "long"
  ],
  "structure_preferences": {
    "1_part": 0.4074446680080483,
    "3_part": 0.18108651911468812,
    "2_part": 0.18611670020120724,
    "4_part": 0.13682092555331993,
    "5_part": 0.05130784708249497,
    "7_part": 0.01006036217303823,
    "6_part": 0.019114688128772636,
    "8_part": 0.006036217303822937,
    "9_part": 0.002012072434607646
  },
  "topic_boosts": {
    "trading": 1.5,
    "market_sentiment": 1.06,
    "defi": 0.39,
    "bitcoin": 1.07,
    "altcoins": 1.5,
    "philosophy": 0.32,
    "macro": 0.26,
    "nft": 0.03
  }
}